{"cameraMode":{"drawMode":0,"name":"Shaded","section":"Shading Mode"},"sceneLighting":false,"audioPlay":false,"sceneViewState":{"showFog":true,"showMaterialUpdate":false,"showSkybox":false,"showFlares":true,"showImageEffects":true,"showParticleSystems":true},"in2DMode":false,"pivot":{"x":-0.03000020980834961,"y":0.28999996185302737,"z":0.4200000762939453},"rotation":{"x":-0.18568682670593263,"y":-0.28034108877182009,"z":0.055370230227708819,"w":-0.9401401281356812},"size":4.807092666625977,"orthographic":false}