{"cameraMode":{"drawMode":0,"name":"Shaded","section":"Shading Mode"},"sceneLighting":false,"audioPlay":false,"sceneViewState":{"showFog":true,"showMaterialUpdate":false,"showSkybox":false,"showFlares":true,"showImageEffects":true,"showParticleSystems":true},"in2DMode":false,"pivot":{"x":-7.880251884460449,"y":2.1700000762939455,"z":-35.75148010253906},"rotation":{"x":0.17074298858642579,"y":-0.6309049129486084,"z":0.14497017860412599,"w":0.7428253293037415},"size":3.7914133071899416,"orthographic":false}