{"cameraMode":{"drawMode":0,"name":"Shaded","section":"Shading Mode"},"sceneLighting":false,"audioPlay":false,"sceneViewState":{"showFog":true,"showMaterialUpdate":false,"showSkybox":false,"showFlares":true,"showImageEffects":true,"showParticleSystems":true},"in2DMode":false,"pivot":{"x":0.4847656488418579,"y":1.820465326309204,"z":-1.34580397605896},"rotation":{"x":-0.029764216393232347,"y":-0.9185193181037903,"z":0.07039281725883484,"w":-0.38791903853416445},"size":6.69083833694458,"orthographic":false}