{"cameraMode":{"drawMode":0,"name":"Shaded","section":"Shading Mode"},"sceneLighting":false,"audioPlay":false,"sceneViewState":{"showFog":true,"showMaterialUpdate":false,"showSkybox":false,"showFlares":true,"showImageEffects":true,"showParticleSystems":true},"in2DMode":false,"pivot":{"x":70.4820785522461,"y":-139.65452575683595,"z":-248.34619140625},"rotation":{"x":-0.0009214724996127188,"y":-0.7845901250839233,"z":0.001187456538900733,"w":-0.6200131177902222},"size":2.771296262741089,"orthographic":false}