{"cameraMode":{"drawMode":0,"name":"Shaded","section":"Shading Mode"},"sceneLighting":false,"audioPlay":false,"sceneViewState":{"showFog":true,"showMaterialUpdate":false,"showSkybox":false,"showFlares":true,"showImageEffects":true,"showParticleSystems":true},"in2DMode":false,"pivot":{"x":23.428970336914064,"y":1.1409597396850587,"z":-3.9546403884887697},"rotation":{"x":-0.009795638732612133,"y":-0.36456403136253359,"z":0.00378256943076849,"w":-0.9311191439628601},"size":18.909961700439454,"orthographic":false}