{"cameraMode":{"drawMode":0,"name":"Shaded","section":"Shading Mode"},"sceneLighting":false,"audioPlay":false,"sceneViewState":{"showFog":true,"showMaterialUpdate":false,"showSkybox":false,"showFlares":true,"showImageEffects":true,"showParticleSystems":true},"in2DMode":false,"pivot":{"x":-0.1100001335144043,"y":-0.28999996185302737,"z":-0.5399999618530273},"rotation":{"x":0.026784002780914308,"y":0.8287455439567566,"z":-0.03981148824095726,"w":0.5575647950172424},"size":15.689515113830567,"orthographic":false}