{"cameraMode":{"drawMode":0,"name":"Shaded","section":"Shading Mode"},"sceneLighting":false,"audioPlay":false,"sceneViewState":{"showFog":true,"showMaterialUpdate":false,"showSkybox":false,"showFlares":true,"showImageEffects":true,"showParticleSystems":true},"in2DMode":false,"pivot":{"x":-2.306230068206787,"y":-1.309999942779541,"z":0.03065776824951172},"rotation":{"x":0.07836839556694031,"y":0.648162841796875,"z":-0.06732600182294846,"w":0.7544605135917664},"size":9.687366485595704,"orthographic":false}