{"cameraMode":{"drawMode":0,"name":"Shaded","section":"Shading Mode"},"sceneLighting":false,"audioPlay":false,"sceneViewState":{"showFog":true,"showMaterialUpdate":false,"showSkybox":false,"showFlares":true,"showImageEffects":true,"showParticleSystems":true},"in2DMode":false,"pivot":{"x":-0.029999999329447748,"y":0.28999999165534975,"z":0.41999998688697817},"rotation":{"x":-0.1415233165025711,"y":0.8196449875831604,"z":-0.2294929176568985,"w":-0.5054563879966736},"size":22.0,"orthographic":false}