{"cameraMode":{"drawMode":0,"name":"Shaded","section":"Shading Mode"},"sceneLighting":false,"audioPlay":false,"sceneViewState":{"showFog":true,"showMaterialUpdate":false,"showSkybox":false,"showFlares":true,"showImageEffects":true,"showParticleSystems":true},"in2DMode":false,"pivot":{"x":148.2682342529297,"y":93.0385513305664,"z":-92.35002136230469},"rotation":{"x":0.07836839556694031,"y":0.648162841796875,"z":-0.06732600182294846,"w":0.7544605135917664},"size":80.69700622558594,"orthographic":false}