{"cameraMode":{"drawMode":0,"name":"Shaded","section":"Shading Mode"},"sceneLighting":false,"audioPlay":false,"sceneViewState":{"showFog":true,"showMaterialUpdate":false,"showSkybox":false,"showFlares":true,"showImageEffects":true,"showParticleSystems":true},"in2DMode":false,"pivot":{"x":-1.6666712760925294,"y":0.6366786956787109,"z":1.3581733703613282},"rotation":{"x":0.07113323360681534,"y":0.8782504200935364,"z":-0.13812969624996186,"w":0.45225703716278078},"size":21.759302139282228,"orthographic":false}