{"cameraMode":{"drawMode":0,"name":"Shaded","section":"Shading Mode"},"sceneLighting":true,"audioPlay":false,"sceneViewState":{"showFog":true,"showMaterialUpdate":false,"showSkybox":true,"showFlares":true,"showImageEffects":true,"showParticleSystems":true},"in2DMode":false,"pivot":{"x":0.44478243589401247,"y":-4.360771179199219,"z":-20.854084014892579},"rotation":{"x":0.002773125423118472,"y":0.991814911365509,"z":-0.12563656270503999,"w":0.022607482969760896},"size":24.792573928833009,"orthographic":false}