{"cameraMode":{"drawMode":0,"name":"Shaded","section":"Shading Mode"},"sceneLighting":false,"audioPlay":false,"sceneViewState":{"showFog":true,"showMaterialUpdate":false,"showSkybox":false,"showFlares":true,"showImageEffects":true,"showParticleSystems":true},"in2DMode":false,"pivot":{"x":-0.08500000089406967,"y":-0.33500000834465029,"z":-0.029999999329447748},"rotation":{"x":0.07836839556694031,"y":0.648162841796875,"z":-0.06732600182294846,"w":0.7544605135917664},"size":1.1448193788528443,"orthographic":false}