{"cameraMode":{"drawMode":0,"name":"Shaded","section":"Shading Mode"},"sceneLighting":false,"audioPlay":false,"sceneViewState":{"showFog":true,"showMaterialUpdate":false,"showSkybox":false,"showFlares":true,"showImageEffects":true,"showParticleSystems":true},"in2DMode":false,"pivot":{"x":-0.9238176345825195,"y":0.9800000190734863,"z":-21.389972686767579},"rotation":{"x":0.0040771933272480968,"y":0.9910817742347717,"z":-0.0312302615493536,"w":0.12947967648506165},"size":12.660858154296875,"orthographic":false}